educ_group,mean_lab,mean_tot,n
no hs,18295.32480924247,23986.5516898333,44654
hs,27730.35899917948,39600.43580088784,63826
some college,35263.89811198871,53481.54093639128,47390
4yr degree,49947.41713717356,82575.97939133212,24820
grad,62200.70887532771,104063.9097053247,23091
,42385.20118621227,61877.34569644125,1171
