region_2020,trust_mean,n
Northeast,5.1517243,145
Midwest,5.7295599,159
South,5.3333335,399
West,5.4540815,196
